{"policy": [8.0, 9.0, 6.0, 9.0, 9.0, 9.0, 7.0, 9.0, 9.0, 9.0, 9.0, 6.0, 8.0, 8.0, 1.0, 8.0, 1.0, 9.0, 7.0, 1.0, 8.0, 0.0, 8.0, 6.0, 0.0, 8.0, 9.0, 9.0, 9.0, 9.0, 9.0, 9.0, 9.0, 9.0, 9.0, 9.0, 9.0, 8.0, 8.0, 9.0, 8.0, 8.0, 9.0, 9.0, 9.0, 8.0, 8.0, 8.0, 8.0, 8.0, 6.0, 7.0, 7.0, 7.0, 7.0, 7.0, 7.0, 7.0, 7.0, 7.0, 7.0, 7.0, 6.0, 6.0, 7.0, 6.0, 6.0, 7.0, 7.0, 7.0, 6.0, 6.0, 6.0, 6.0, 6.0, 4.0, 5.0, 5.0, 5.0, 5.0, 5.0, 5.0, 5.0, 5.0, 5.0, 5.0, 5.0, 4.0, 4.0, 5.0, 4.0, 4.0, 5.0, 5.0, 5.0, 4.0, 4.0, 4.0, 4.0, 4.0, 2.0, 3.0, 3.0, 3.0, 3.0, 3.0, 3.0, 3.0, 3.0, 3.0, 3.0, 3.0, 2.0, 2.0, 3.0, 2.0, 2.0, 3.0, 3.0, 3.0, 2.0, 2.0, 2.0, 2.0, 2.0, 0.0, 1.0, 1.0, 1.0, 1.0, 1.0, 1.0, 1.0, 1.0, 1.0, 1.0, 1.0, 0.0, 0.0, 1.0, 0.0, 0.0, 1.0, 1.0, 1.0, 0.0, 0.0, 0.0, 0.0, 0.0, 0.0, 1.0, 0.0, 1.0, 1.0, 1.0, 0.0, 1.0, 0.0, 1.0, 1.0, 0.0, 0.0, 0.0, 1.0, 0.0, 0.0, 0.0, 1.0, 1.0, 0.0, 0.0, 0.0, 0.0, 0.0, 0.0, 1.0, 1.0, 1.0, 1.0, 1.0, 1.0, 0.0, 1.0, 1.0, 1.0, 0.0, 0.0, 0.0, 1.0, 0.0, 0.0, 1.0, 1.0, 1.0, 0.0, 0.0, 0.0, 0.0, 0.0, 0.0, 1.0, 1.0, 1.0, 1.0, 1.0, 1.0, 1.0, 0.0, 1.0, 0.0, 0.0, 0.0, 0.0, 1.0, 0.0, 0.0, 0.0, 1.0, 1.0, 0.0, 0.0, 0.0, 0.0, 0.0, 1.0, 1.0, 0.0, 1.0, 1.0, 0.0, 0.0, 1.0, 1.0, 1.0, 1.0, 1.0, 0.0, 0.0, 1.0, 0.0, 0.0, 0.0, 1.0, 1.0, 0.0, 0.0, 0.0, 0.0, 0.0, 1.0, 0.0, 1.0, 1.0, 3.0, 1.0, 1.0, 0.0, 0.0, 1.0, 0.0, 0.0, 0.0, 1.0, 0.0, 0.0, 0.0, 0.0, 0.0, 1.0, 0.0, 0.0, 0.0, 0.0, 0.0, 2.0, 2.0, 0.0, 7.0, 1.0, 1.0, 7.0, 0.0, 6.0, 1.0, 0.0, 6.0, 0.0, 7.0, 0.0, 5.0, 1.0, 3.0, 1.0, 1.0, 4.0, 0.0, 2.0, 0.0, 0.0, 0.0, 0.0, 0.0, 5.0, 1.0, 1.0, 5.0, 3.0, 4.0, 1.0, 0.0, 4.0, 1.0, 5.0, 1.0, 3.0, 6.0, 1.0, 4.0, 0.0, 2.0, 2.0, 0.0, 2.0, 0.0, 5.0, 2.0, 0.0, 3.0, 2.0, 4.0, 3.0, 1.0, 2.0, 0.0, 1.0, 2.0, 0.0, 3.0, 5.0, 1.0, 4.0, 0.0, 2.0, 4.0, 0.0, 0.0, 0.0, 0.0, 4.0, 3.0, 5.0, 2.0, 1.0, 0.0, 2.0, 1.0, 1.0, 0.0, 4.0, 2.0, 0.0, 5.0, 1.0, 3.0, 3.0, 2.0, 4.0, 5.0, 2.0, 2.0, 2.0, 2.0, 4.0, 4.0], "states": [[0.0, -9.42477796076938], [2.0833333333333335, -9.42477796076938], [4.166666666666667, -9.42477796076938], [6.25, -9.42477796076938], [8.333333333333334, -9.42477796076938], [10.416666666666668, -9.42477796076938], [12.5, -9.42477796076938], [14.583333333333334, -9.42477796076938], [16.666666666666668, -9.42477796076938], [18.75, -9.42477796076938], [20.833333333333336, -9.42477796076938], [22.916666666666668, -9.42477796076938], [25.0, -9.42477796076938], [27.083333333333336, -9.42477796076938], [29.166666666666668, -9.42477796076938], [31.250000000000004, -9.42477796076938], [33.333333333333336, -9.42477796076938], [35.41666666666667, -9.42477796076938], [37.5, -9.42477796076938], [39.583333333333336, -9.42477796076938], [41.66666666666667, -9.42477796076938], [43.75, -9.42477796076938], [45.833333333333336, -9.42477796076938], [47.91666666666667, -9.42477796076938], [50.0, -9.42477796076938], [0.0, -8.078381109230897], [2.0833333333333335, -8.078381109230897], [4.166666666666667, -8.078381109230897], [6.25, -8.078381109230897], [8.333333333333334, -8.078381109230897], [10.416666666666668, -8.078381109230897], [12.5, -8.078381109230897], [14.583333333333334, -8.078381109230897], [16.666666666666668, -8.078381109230897], [18.75, -8.078381109230897], [20.833333333333336, -8.078381109230897], [22.916666666666668, -8.078381109230897], [25.0, -8.078381109230897], [27.083333333333336, -8.078381109230897], [29.166666666666668, -8.078381109230897], [31.250000000000004, -8.078381109230897], [33.333333333333336, -8.078381109230897], [35.41666666666667, -8.078381109230897], [37.5, -8.078381109230897], [39.583333333333336, -8.078381109230897], [41.66666666666667, -8.078381109230897], [43.75, -8.078381109230897], [45.833333333333336, -8.078381109230897], [47.91666666666667, -8.078381109230897], [50.0, -8.078381109230897], [0.0, -6.731984257692414], [2.0833333333333335, -6.731984257692414], [4.166666666666667, -6.731984257692414], [6.25, -6.731984257692414], [8.333333333333334, -6.731984257692414], [10.416666666666668, -6.731984257692414], [12.5, -6.731984257692414], [14.583333333333334, -6.731984257692414], [16.666666666666668, -6.731984257692414], [18.75, -6.731984257692414], [20.833333333333336, -6.731984257692414], [22.916666666666668, -6.731984257692414], [25.0, -6.731984257692414], [27.083333333333336, -6.731984257692414], [29.166666666666668, -6.731984257692414], [31.250000000000004, -6.731984257692414], [33.333333333333336, -6.731984257692414], [35.41666666666667, -6.731984257692414], [37.5, -6.731984257692414], [39.583333333333336, -6.731984257692414], [41.66666666666667, -6.731984257692414], [43.75, -6.731984257692414], [45.833333333333336, -6.731984257692414], [47.91666666666667, -6.731984257692414], [50.0, -6.731984257692414], [0.0, -5.385587406153931], [2.0833333333333335, -5.385587406153931], [4.166666666666667, -5.385587406153931], [6.25, -5.385587406153931], [8.333333333333334, -5.385587406153931], [10.416666666666668, -5.385587406153931], [12.5, -5.385587406153931], [14.583333333333334, -5.385587406153931], [16.666666666666668, -5.385587406153931], [18.75, -5.385587406153931], [20.833333333333336, -5.385587406153931], [22.916666666666668, -5.385587406153931], [25.0, -5.385587406153931], [27.083333333333336, -5.385587406153931], [29.166666666666668, -5.385587406153931], [31.250000000000004, -5.385587406153931], [33.333333333333336, -5.385587406153931], [35.41666666666667, -5.385587406153931], [37.5, -5.385587406153931], [39.583333333333336, -5.385587406153931], [41.66666666666667, -5.385587406153931], [43.75, -5.385587406153931], [45.833333333333336, -5.385587406153931], [47.91666666666667, -5.385587406153931], [50.0, -5.385587406153931], [0.0, -4.039190554615448], [2.0833333333333335, -4.039190554615448], [4.166666666666667, -4.039190554615448], [6.25, -4.039190554615448], [8.333333333333334, -4.039190554615448], [10.416666666666668, -4.039190554615448], [12.5, -4.039190554615448], [14.583333333333334, -4.039190554615448], [16.666666666666668, -4.039190554615448], [18.75, -4.039190554615448], [20.833333333333336, -4.039190554615448], [22.916666666666668, -4.039190554615448], [25.0, -4.039190554615448], [27.083333333333336, -4.039190554615448], [29.166666666666668, -4.039190554615448], [31.250000000000004, -4.039190554615448], [33.333333333333336, -4.039190554615448], [35.41666666666667, -4.039190554615448], [37.5, -4.039190554615448], [39.583333333333336, -4.039190554615448], [41.66666666666667, -4.039190554615448], [43.75, -4.039190554615448], [45.833333333333336, -4.039190554615448], [47.91666666666667, -4.039190554615448], [50.0, -4.039190554615448], [0.0, -2.6927937030769655], [2.0833333333333335, -2.6927937030769655], [4.166666666666667, -2.6927937030769655], [6.25, -2.6927937030769655], [8.333333333333334, -2.6927937030769655], [10.416666666666668, -2.6927937030769655], [12.5, -2.6927937030769655], [14.583333333333334, -2.6927937030769655], [16.666666666666668, -2.6927937030769655], [18.75, -2.6927937030769655], [20.833333333333336, -2.6927937030769655], [22.916666666666668, -2.6927937030769655], [25.0, -2.6927937030769655], [27.083333333333336, -2.6927937030769655], [29.166666666666668, -2.6927937030769655], [31.250000000000004, -2.6927937030769655], [33.333333333333336, -2.6927937030769655], [35.41666666666667, -2.6927937030769655], [37.5, -2.6927937030769655], [39.583333333333336, -2.6927937030769655], [41.66666666666667, -2.6927937030769655], [43.75, -2.6927937030769655], [45.833333333333336, -2.6927937030769655], [47.91666666666667, -2.6927937030769655], [50.0, -2.6927937030769655], [0.0, -1.3463968515384828], [2.0833333333333335, -1.3463968515384828], [4.166666666666667, -1.3463968515384828], [6.25, -1.3463968515384828], [8.333333333333334, -1.3463968515384828], [10.416666666666668, -1.3463968515384828], [12.5, -1.3463968515384828], [14.583333333333334, -1.3463968515384828], [16.666666666666668, -1.3463968515384828], [18.75, -1.3463968515384828], [20.833333333333336, -1.3463968515384828], [22.916666666666668, -1.3463968515384828], [25.0, -1.3463968515384828], 