{"policy": [4.0, 5.0, 5.0, 5.0, 5.0, 5.0, 4.0, 5.0, 5.0, 5.0, 5.0, 5.0, 4.0, 4.0, 5.0, 4.0, 5.0, 5.0, 1.0, 5.0, 4.0, 4.0, 4.0, 0.0, 4.0, 2.0, 3.0, 5.0, 5.0, 3.0, 5.0, 5.0, 3.0, 5.0, 3.0, 3.0, 4.0, 2.0, 4.0, 3.0, 2.0, 3.0, 3.0, 1.0, 3.0, 2.0, 2.0, 2.0, 0.0, 2.0, 0.0, 1.0, 3.0, 3.0, 1.0, 3.0, 3.0, 1.0, 3.0, 1.0, 1.0, 2.0, 0.0, 2.0, 1.0, 0.0, 1.0, 1.0, 1.0, 1.0, 0.0, 0.0, 0.0, 0.0, 0.0, 1.0, 1.0, 1.0, 1.0, 1.0, 1.0, 1.0, 1.0, 1.0, 1.0, 1.0, 0.0, 0.0, 0.0, 1.0, 0.0, 0.0, 0.0, 0.0, 1.0, 0.0, 0.0, 0.0, 0.0, 0.0, 3.0, 1.0, 1.0, 1.0, 1.0, 1.0, 0.0, 1.0, 0.0, 1.0, 0.0, 0.0, 0.0, 0.0, 1.0, 0.0, 0.0, 0.0, 0.0, 0.0, 0.0, 0.0, 0.0, 0.0, 0.0, 1.0, 0.0, 1.0, 1.0, 1.0, 1.0, 1.0, 0.0, 0.0, 1.0, 0.0, 0.0, 0.0, 0.0, 1.0, 0.0, 0.0, 1.0, 0.0, 0.0, 0.0, 0.0, 0.0, 0.0, 0.0, 1.0, 1.0, 1.0, 1.0, 1.0, 0.0, 0.0, 1.0, 0.0, 0.0, 0.0, 0.0, 0.0, 0.0, 1.0, 0.0, 1.0, 1.0, 0.0, 0.0, 0.0, 0.0, 0.0, 0.0, 0.0], "states": [[0.0, -9.42477796076938], [2.0833333333333335, -9.42477796076938], [4.166666666666667, -9.42477796076938], [6.25, -9.42477796076938], [8.333333333333334, -9.42477796076938], [10.416666666666668, -9.42477796076938], [12.5, -9.42477796076938], [14.583333333333334, -9.42477796076938], [16.666666666666668, -9.42477796076938], [18.75, -9.42477796076938], [20.833333333333336, -9.42477796076938], [22.916666666666668, -9.42477796076938], [25.0, -9.42477796076938], [27.083333333333336, -9.42477796076938], [29.166666666666668, -9.42477796076938], [31.250000000000004, -9.42477796076938], [33.333333333333336, -9.42477796076938], [35.41666666666667, -9.42477796076938], [37.5, -9.42477796076938], [39.583333333333336, -9.42477796076938], [41.66666666666667, -9.42477796076938], [43.75, -9.42477796076938], [45.833333333333336, -9.42477796076938], [47.91666666666667, -9.42477796076938], [50.0, -9.42477796076938], [0.0, -6.283185307179586], [2.0833333333333335, -6.283185307179586], [4.166666666666667, -6.283185307179586], [6.25, -6.283185307179586], [8.333333333333334, -6.283185307179586], [10.416666666666668, -6.283185307179586], [12.5, -6.283185307179586], [14.583333333333334, -6.283185307179586], [16.666666666666668, -6.283185307179586], [18.75, -6.283185307179586], [20.833333333333336, -6.283185307179586], [22.916666666666668, -6.283185307179586], [25.0, -6.283185307179586], [27.083333333333336, -6.283185307179586], [29.166666666666668, -6.283185307179586], [31.250000000000004, -6.283185307179586], [33.333333333333336, -6.283185307179586], [35.41666666666667, -6.283185307179586], [37.5, -6.283185307179586], [39.583333333333336, -6.283185307179586], [41.66666666666667, -6.283185307179586], [43.75, -6.283185307179586], [45.833333333333336, -6.283185307179586], [47.91666666666667, -6.283185307179586], [50.0, -6.283185307179586], [0.0, -3.141592653589793], [2.0833333333333335, -3.141592653589793], [4.166666666666667, -3.141592653589793], [6.25, -3.141592653589793], [8.333333333333334, -3.141592653589793], [10.416666666666668, -3.141592653589793], [12.5, -3.141592653589793], [14.583333333333334, -3.141592653589793], [16.666666666666668, -3.141592653589793], [18.75, -3.141592653589793], [20.833333333333336, -3.141592653589793], [22.916666666666668, -3.141592653589793], [25.0, -3.141592653589793], [27.083333333333336, -3.141592653589793], [29.166666666666668, -3.141592653589793], [31.250000000000004, -3.141592653589793], [33.333333333333336, -3.141592653589793], [35.41666666666667, -3.141592653589793], [37.5, -3.141592653589793], [39.583333333333336, -3.141592653589793], [41.66666666666667, -3.141592653589793], [43.75, -3.141592653589793], [45.833333333333336, -3.141592653589793], [47.91666666666667, -3.141592653589793], [50.0, -3.141592653589793], [0.0, 0.0], [2.0833333333333335, 0.0], [4.166666666666667, 0.0], [6.25, 0.0], [8.333333333333334, 0.0], [10.416666666666668, 0.0], [12.5, 0.0], [14.583333333333334, 0.0], [16.666666666666668, 0.0], [18.75, 0.0], [20.833333333333336, 0.0], [22.916666666666668, 0.0], [25.0, 0.0], [27.083333333333336, 0.0], [29.166666666666668, 0.0], [31.250000000000004, 0.0], [33.333333333333336, 0.0], [35.41666666666667, 0.0], [37.5, 0.0], [39.583333333333336, 0.0], [41.66666666666667, 0.0], [43.75, 0.0], [45.833333333333336, 0.0], [47.91666666666667, 0.0], [50.0, 0.0], [0.0, 3.141592653589793], [2.0833333333333335, 3.141592653589793], [4.166666666666667, 3.141592653589793], [6.25, 3.141592653589793], [8.333333333333334, 3.141592653589793], [10.416666666666668, 3.141592653589793], [12.5, 3.141592653589793], [14.583333333333334, 3.141592653589793], [16.666666666666668, 3.141592653589793], [18.75, 3.141592653589793], [20.833333333333336, 3.141592653589793], [22.916666666666668, 3.141592653589793], [25.0, 3.141592653589793], [27.083333333333336, 3.141592653589793], [29.166666666666668, 3.141592653589793], [31.250000000000004, 3.141592653589793], [33.333333333333336, 3.141592653589793], [35.41666666666667, 3.141592653589793], [37.5, 3.141592653589793], [39.583333333333336, 3.141592653589793], [41.66666666666667, 3.141592653589793], [43.75, 3.141592653589793], [45.833333333333336, 3.141592653589793], [47.91666666666667, 3.141592653589793], [50.0, 3.141592653589793], [0.0, 6.283185307179586], [2.0833333333333335, 6.283185307179586], [4.166666666666667, 6.283185307179586], [6.25, 6.283185307179586], [8.333333333333334, 6.283185307179586], [10.416666666666668, 6.283185307179586], [12.5, 6.283185307179586], [14.583333333333334, 6.283185307179586], [16.666666666666668, 6.283185307179586], [18.75, 6.283185307179586], [20.833333333333336, 6.283185307179586], [22.916666666666668, 6.283185307179586], [25.0, 6.283185307179586], [27.083333333333336, 6.283185307179586], [29.166666666666668, 6.283185307179586], [31.250000000000004, 6.283185307179586], [33.333333333333336, 6.283185307179586], [35.41666666666667, 6.283185307179586], [37.5, 6.283185307179586], [39.583333333333336, 6.283185307179586], [41.66666666666667, 6.283185307179586], [43.75, 6.283185307179586], [45.833333333333336, 6.283185307179586], [47.91666666666667, 6.283185307179586], [50.0, 6.283185307179586], [0.0, 9.42477796076938], [2.0833333333333335, 9.42477796076938], [4.166666666666667, 9.42477796076938], [6.25, 9.42477796076938], [8.333333333333334, 9.42477796076938], [10.416666666666668, 9.42477796076938], [12.5, 9.42477796076938], [14.583333333333334, 9.42477796076938], [16.666666666666668, 9.42477796076938], [18.75, 9.42477796076938], [20.833333333333336, 9.42477796076938], [22.916666666666668, 9.42477796076938], [25.0, 9.42477796076938], [27.083333333333336, 9.42477796076938], [29.166666666666668, 9.42477796076938], [31.250000000000004, 9.42477796076938], [33.333333333333336, 9.42477796076938], [35.41666666666667, 9.42477796076938], [37.5, 9.42477796076938], [39.583333333333336, 9.42477796076938], [41.66666666666667, 9.42477796076938], [43.75, 9.42477796076938], [45.833333333333336, 9.42477796076938], [47.91666666666667, 9.42477796076938], [50.0, 9.42477796076938]], "actions": [[1.0, -3.141592653589793], [10.0, -3.141592653589793], [1.0, 0.0], [10.0, 0.0], [1.0, 3.141592653589793], [10.0, 3.141592653589793]]}