{"policy": [6.0, 8.0, 0.0, 8.0, 8.0, 8.0, 6.0, 8.0, 6.0, 6.0, 8.0, 0.0, 8.0, 6.0, 0.0, 6.0, 6.0, 0.0, 0.0, 8.0, 8.0, 0.0, 0.0, 0.0, 0.0, 8.0, 8.0, 6.0, 6.0, 8.0, 6.0, 8.0, 8.0, 0.0, 8.0, 6.0, 6.0, 6.0, 8.0, 0.0, 8.0, 0.0, 8.0, 0.0, 6.0, 6.0, 8.0, 6.0, 6.0, 6.0, 6.0, 8.0, 8.0, 0.0, 8.0, 0.0, 6.0, 6.0, 2.0, 6.0, 8.0, 0.0, 8.0, 6.0, 2.0, 6.0, 8.0, 8.0, 2.0, 8.0, 8.0, 8.0, 8.0, 8.0, 8.0, 4.0, 6.0, 6.0, 2.0, 6.0, 2.0, 4.0, 4.0, 0.0, 4.0, 8.0, 2.0, 8.0, 4.0, 0.0, 4.0, 6.0, 6.0, 0.0, 8.0, 6.0, 8.0, 6.0, 6.0, 6.0, 2.0, 4.0, 4.0, 0.0, 4.0, 0.0, 2.0, 2.0, 2.0, 2.0, 6.0, 0.0, 8.0, 2.0, 8.0, 2.0, 8.0, 8.0, 0.0, 6.0, 4.0, 6.0, 4.0, 8.0, 8.0, 0.0, 2.0, 2.0, 0.0, 2.0, 2.0, 0.0, 0.0, 0.0, 0.0, 4.0, 8.0, 6.0, 0.0, 8.0, 0.0, 6.0, 8.0, 2.0, 4.0, 8.0, 4.0, 2.0, 6.0, 6.0, 0.0, 0.0, 0.0, 0.0, 0.0, 0.0, 2.0, 0.0, 8.0, 6.0, 2.0, 6.0, 8.0, 0.0, 6.0, 0.0, 4.0, 6.0, 0.0, 2.0, 6.0, 2.0, 0.0, 4.0, 4.0, 0.0, 2.0, 8.0, 6.0, 6.0, 6.0, 8.0, 8.0, 6.0, 8.0, 0.0, 4.0, 6.0, 6.0, 4.0, 2.0, 2.0, 4.0, 8.0, 0.0, 4.0, 0.0, 2.0, 2.0, 2.0, 0.0, 0.0, 6.0, 4.0, 4.0, 8.0, 6.0, 6.0, 8.0, 6.0, 0.0, 2.0, 4.0, 8.0, 8.0, 0.0, 0.0, 8.0, 6.0, 6.0, 2.0, 8.0, 8.0, 0.0, 0.0, 0.0, 4.0, 4.0, 2.0, 2.0, 6.0, 4.0, 4.0, 6.0, 4.0, 2.0, 0.0, 2.0, 6.0, 8.0, 4.0, 2.0, 6.0, 4.0, 4.0, 0.0, 6.0, 6.0, 2.0, 6.0, 0.0, 2.0, 2.0, 0.0, 0.0, 4.0, 2.0, 2.0, 4.0, 2.0, 0.0, 0.0, 0.0, 4.0, 6.0, 2.0, 0.0, 8.0, 2.0, 2.0, 2.0, 4.0, 4.0, 0.0, 4.0, 0.0, 8.0, 0.0, 4.0, 0.0, 2.0, 0.0, 0.0, 2.0, 0.0, 2.0, 6.0, 2.0, 2.0, 4.0, 0.0, 0.0, 6.0, 0.0, 0.0, 0.0, 2.0, 2.0, 4.0, 2.0, 0.0, 6.0, 0.0, 2.0, 0.0, 0.0, 4.0, 6.0, 0.0, 0.0, 0.0, 4.0, 0.0, 0.0, 2.0, 4.0, 0.0, 4.0, 2.0, 0.0, 2.0, 0.0, 0.0, 2.0, 0.0, 2.0, 4.0, 2.0, 0.0, 4.0, 2.0, 2.0, 4.0, 2.0, 0.0, 0.0, 2.0, 2.0, 0.0, 0.0, 2.0, 0.0, 2.0, 0.0, 2.0, 0.0, 0.0, 4.0, 0.0, 4.0, 0.0, 2.0, 0.0, 4.0, 2.0, 0.0, 0.0, 2.0, 0.0, 4.0, 0.0, 0.0, 0.0, 4.0, 2.0, 0.0, 2.0, 0.0, 0.0, 0.0, 0.0, 4.0, 2.0, 0.0, 2.0], "states": [[0.0, -9.42477796076938], [16.666666666666668, -9.42477796076938], [33.333333333333336, -9.42477796076938], [50.0, -9.42477796076938], [66.66666666666667, -9.42477796076938], [83.33333333333334, -9.42477796076938], [100.0, -9.42477796076938], [116.66666666666667, -9.42477796076938], [133.33333333333334, -9.42477796076938], [150.0, -9.42477796076938], [166.66666666666669, -9.42477796076938], [183.33333333333334, -9.42477796076938], [200.0, -9.42477796076938], [216.66666666666669, -9.42477796076938], [233.33333333333334, -9.42477796076938], [250.00000000000003, -9.42477796076938], [266.6666666666667, -9.42477796076938], [283.33333333333337, -9.42477796076938], [300.0, -9.42477796076938], [316.6666666666667, -9.42477796076938], [333.33333333333337, -9.42477796076938], [350.0, -9.42477796076938], [366.6666666666667, -9.42477796076938], [383.33333333333337, -9.42477796076938], [400.0, -9.42477796076938], [0.0, -8.078381109230897], [16.666666666666668, -8.078381109230897], [33.333333333333336, -8.078381109230897], [50.0, -8.078381109230897], [66.66666666666667, -8.078381109230897], [83.33333333333334, -8.078381109230897], [100.0, -8.078381109230897], [116.66666666666667, -8.078381109230897], [133.33333333333334, -8.078381109230897], [150.0, -8.078381109230897], [166.66666666666669, -8.078381109230897], [183.33333333333334, -8.078381109230897], [200.0, -8.078381109230897], [216.66666666666669, -8.078381109230897], [233.33333333333334, -8.078381109230897], [250.00000000000003, -8.078381109230897], [266.6666666666667, -8.078381109230897], [283.33333333333337, -8.078381109230897], [300.0, -8.078381109230897], [316.6666666666667, -8.078381109230897], [333.33333333333337, -8.078381109230897], [350.0, -8.078381109230897], [366.6666666666667, -8.078381109230897], [383.33333333333337, -8.078381109230897], [400.0, -8.078381109230897], [0.0, -6.731984257692414], [16.666666666666668, -6.731984257692414], [33.333333333333336, -6.731984257692414], [50.0, -6.731984257692414], [66.66666666666667, -6.731984257692414], [83.33333333333334, -6.731984257692414], [100.0, -6.731984257692414], [116.66666666666667, -6.731984257692414], [133.33333333333334, -6.731984257692414], [150.0, -6.731984257692414], [166.66666666666669, -6.731984257692414], [183.33333333333334, -6.731984257692414], [200.0, -6.731984257692414], [216.66666666666669, -6.731984257692414], [233.33333333333334, -6.731984257692414], [250.00000000000003, -6.731984257692414], [266.6666666666667, -6.731984257692414], [283.33333333333337, -6.731984257692414], [300.0, -6.731984257692414], [316.6666666666667, -6.731984257692414], [333.33333333333337, -6.731984257692414], [350.0, -6.731984257692414], [366.6666666666667, -6.731984257692414], [383.33333333333337, -6.731984257692414], [400.0, -6.731984257692414], [0.0, -5.385587406153931], [16.666666666666668, -5.385587406153931], [33.333333333333336, -5.385587406153931], [50.0, -5.385587406153931], [66.66666666666667, -5.385587406153931], [83.33333333333334, -5.385587406153931], [100.0, -5.385587406153931], [116.66666666666667, -5.385587406153931], [133.33333333333334, -5.385587406153931], [150.0, -5.385587406153931], [166.66666666666669, -5.385587406153931], [183.33333333333334, -5.385587406153931], [200.0, -5.385587406153931], [216.66666666666669, -5.385587406153931], [233.33333333333334, -5.385587406153931], [250.00000000000003, -5.385587406153931], [266.6666666666667, -5.385587406153931], [283.33333333333337, -5.385587406153931], [300.0, -5.385587406153931], [316.6666666666667, -5.385587406153931], [333.33333333333337, -5.385587406153931], [350.0, -5.385587406153931], [366.6666666666667, -5.385587406153931], [383.33333333333337, -5.385587406153931], [400.0, -5.385587406153931], [0.0, -4.039190554615448], [16.666666666666668, -4.039190554615448], [33.333333333333336, -4.039190554615448], [50.0, -4.039190554615448], [66.66666666666667, -4.039190554615448], [83.33333333333334, -4.039190554615448], [100.0, -4.039190554615448], [116.66666666666667, -4.039190554615448], [133.33333333333334, -4.039190554615448], [150.0, -4.039190554615448], [166.66666666666669, -4.039190554615448], [183.33333333333334, -4.039190554615448], [200.0, -4.039190554615448], [216.66666666666669, -4.039190554615448], [233.33333333333334, -4.039190554615448], [250.00000000000003, -4.039190554615448], [266.6666666666667, -4.039190554615448], [283.33333333333337, -4.039190554615448], [300.0, -4.039190554615448], [316.6666666666667, -4.039190554615448], [333.33333333333337, -4.039190554615448], [350.0, -4.039190554615448], [366.6666666666667, -4.039190554615448], [383.33333333333337, -4.039190554615448], [400.0, -4.039190554615448], [0.0, -2.6927937030769655], [16.666666666666668, -2.6927937030769655], [33.333333333333336, -2.6927937030769655], [50.0, -2.6927937030769655], [66.66666666666667, -2.6927937030769655], [83.33333333333334, -2.6927937030769655], [100.0, -2.6927937030769655], [116.66666666666667, -2.6927937030769655], [133.33333333333334, -2.6927937030769655], [150.0, -2.6927937030769655], [166.66666666666669, -2.6927937030769655], [183.33333333333334, -2.6927937030769655], [200.0, -2.6927937030769655], [216.66666666666669, -2.6927937030769655], [233.33333333333334, -2.6927937030769655], [250.00000000000003, -2.6927937030769655], [266.6666666666667, -2.6927937030769655], [283.33333333333337, -2.6927937030769655], [300.0, -2.6927937030769655], [316.6666666666667, -2.6927937030769655], [333.33333333333337, -2.6927937030769655], [350.0, -2.6927937030769655], [366.6666666666667, -2.6927937030769655], [383.33333333333337, -2.6927937030769655], [400.0, -2.6927937030769655], [0.0, -1.3463968515384828], [16.666666666666668, -1.3463968515384828], [33.333333333333336, -1.3463968515384828], [50.0, -1.3463968515384828], [66.66666666666667, -1.3463968515384828], [83.33333333333334, -1.3463968515384828], [100.0, -1.3463968515384828], [116.66666666666667, -1.3463968515384828], [133.33333333333334, -1.3463968515384828], [150.0, -1.3463968515384828], [166.66666666666669, -1.3463968515384828], [183.33333333333334, -1.3463968515384828], [200.0, 